text,label,source
"W początkach roku 1878, kiedy świat polityczny zajmował się pokojem san-stefańskim, wyborem nowego papieża albo szansami europejskiej wojny, warszawscy kupcy tudzież inteligencja pewnej okolicy Krakowskiego Przedmieścia niemniej gorąco interesowała się przyszłością galanteryjnego sklepu pod firmą J. Mincel i S. Wokulski. W renomowanej jadłodajni, gdzie na wieczorną przekąskę zbierali się właściciele składów bielizny i składów win, fabrykanci powozów i kapeluszy, poważni ojcowie rodzin, utrzymujący się z własnych funduszów, i posiadacze kamienic bez zajęcia, równie dużo mówiono o uzbrojeniach Anglii, jak o firmie J. Mincel i S. Wokulski. Zatopieni w kłębach dymu cygar i pochyleni nad butelkami z ciemnego szkła obywatele tej dzielnicy, jedni zakładali się o wygranę lub przegraną Anglii, drudzy o bankructwo Wokulskiego; jedni nazywali geniuszem Bismarcka, drudzy awanturnikiem Wokulskiego. Pan Deklewski, fabrykant powozów, który majątek i stanowisko zawdzięczał wytrwałej pracy w jednym fachu, tudzież radca Węgrowicz, który od dwudziestu lat był członkiem-opiekunem jednego i tego samego Towarzystwa Dobroczynności, znali S. Wokulskiego najdawniej i najgłośniej przepowiadali mu ruinę.",human,"Prus – Lalka t.1 (1890), rozdz. I"
"— Zaczekaj pan — przerwał radca. — Przerzucił się, ale nie do galanterii, tylko do Szkoły Przygotowawczej, a potem do Szkoły Głównej, rozumie pan? Zachciało mu się być uczonym! Ajent począł chwiać głową w sposób oznaczający zdziwienie. — Istna heca — rzekł. — I skąd mu to przyszło? — No, skąd! Zwyczajnie — stosunki z Akademią Medyczną, ze Szkołą Sztuk Pięknych. Wtedy wszystkim paliło się we łbach, a on nie chciał być gorszym od innych. W dzień służył gościom przy bufecie i prowadził rachunki, a w nocy uczył się. — Licha musiała to być usługa. — Taka jak innych — odparł radca, niechętnie machając ręką. — Tylko że przy posłudze był, bestia, niemiły; na najniewinniejsze słówko marszczył się jak zbój. Rozumie się, używaliśmy na nim, co wlazło, a on najgorzej gniewał się, jeżeli nazwał go kto panem konsyliarzem. Raz tak zwymyślał gościa, że mało obaj nie porwali się za czuby. — Naturalnie, handel cierpiał na tym. — Wcale nie! Bo kiedy po Warszawie rozeszła się wieść, że subiekt Hopfera chce wstąpić do Szkoły Przygotowawczej, tłumy zaczęły tam przychodzić na śniadanie. Osobliwie roiła się studenteria.",human,"Prus – Lalka t.1 (1890), dialog w jadłodajni"
"Sytuacja polityczna jest tak niepewna, że wcale by mnie nie zdziwiło, gdyby około grudnia wybuchła wojna. Ludziom ciągle się zdaje, że wojna może być tylko na wiosnę; widać zapomnieli, że wojny: pruska i francuska, rozpoczynały się w lecie. Nie rozumiem zaś, skąd wyrósł przesąd przeciw kampaniom zimowym? W zimie stodoły są pełne, a droga jak mur; tymczasem na wiosnę u chłopa jest przednówek, a drogi jak ciasto; przejedzie bateria i możesz się w tym miejscu kąpać. Lecz z drugiej strony — zimowe noce, które ciągną się po kilkanaście godzin, potrzeba ciepłej odzieży i mieszkań dla wojska, tyfus. Doprawdy, nieraz dziękuję Bogu, że mnie nie stworzył Moltkem; on musi kręcić głową, nieborak! Austriacy, a raczej Węgrzy już na dobre wleźli do Bośni i Hercegowiny, gdzie ich bardzo niegościnnie przyjmują.",human,"Prus – Lalka t.2 (1890), Pamiętnik Rzeckiego"
"W kwadrans po wyjeździe z Warszawy koleją warszawsko-bydgoską Wokulski doznał dwu szczególnych, choć zupełnie różnych uczuć: owionęło go świeże powietrze, a on sam wpadł w jakiś dziwny letarg. Poruszał się swobodnie, był trzeźwy, myślał jasno i szybko, tylko nic go nie obchodziło; ani kto z nim jedzie, ani którędy jedzie, ani dokąd jedzie. Apatia ta rosła w miarę oddalania się od Warszawy. Za Pruszkowem prawie ucieszyły go krople deszczu, przez otwarte okno padające do wnętrza wagonu; później nieco ożywiła go gwałtowna burza za Grodziskiem; miał nawet pragnienie, ażeby go piorun zabił. Ale deszcz ustał, burza minęła, a z nią i przelotne wzruszenie. Wokulski czuł, że coś w nim pękło, że coś oderwało się i przepadło. Nie było żalu, nie było bólu; był tylko jakiś bezkształtny, bezbarwny niepokój, jak mgła otaczająca pociąg ze wszystkich stron.",human,"Prus – Lalka t.2 (1890), Wokulski w pociągu"
"W północno-wschodnim kącie Afryki leży Egipt, ojczyzna najstarszej cywilizacji w świecie. Przed trzema, czterema, a nawet pięcioma tysiącami lat, kiedy w środkowej Europie odziani w surowe skóry barbarzyńcy kryli się po jaskiniach, Egipt już posiadał wysoką organizację społeczną, rolnictwo, rzemiosła i literaturę. Nade wszystko zaś wykonywał olbrzymie prace inżynierskie i wznosił kolosalne budowle, których szczątki budzą podziw w technikach nowożytnych. Egipt jest to żyzny wąwóz między pustynią Libijską i Arabską. Głębokość jego wynosi kilkaset metrów, długość sto trzydzieści mil, średnia szerokość zaledwo milę. Od zachodu łagodne, ale nagie wzgórza libijskie, od wschodu strome i popękane skały arabskie są ścianami tego korytarza, którego dnem płynie rzeka — Nil.",human,"Prus – Faraon t.1 (1897), Wstęp"
"Niedaleko miasta Pi-Bast znajdowała się wielka świątynia bogini Hator. W miesiącu Paoni, w dniu porównania wiosennego, około dziewiątej wieczór, gdy gwiazda Syriusz miała się ku zachodowi, pod bramą świątyni stanęli dwaj podróżni kapłani i jeden pokutnik. Szedł on boso, miał popiół na głowie i był przykryty grubą płachtą, którą twarz zasłaniał. Pomimo widnej nocy fizjognomii podróżnych nie można było poznać, stali bowiem w cieniu dwu olbrzymich posągów bóstwa z krowią głową, które pilnowały wejścia do świątnicy i łaskawymi oczyma strzegły nomesu Habu od pomoru, złego wylewu i południowych wiatrów. Odpocząwszy nieco, pokutnik upadł piersiami na ziemię i długo modlił się. Potem podniósł się, ujął miedzianą kołatkę i uderzył.",human,"Prus – Faraon t.2 (1897), Świątynia Hator"
"Oto — wstyd powiedzieć — skąpisz mi bydlęcej mierzwy! Skruszony chłop zwiesił głowę. Sam sypiasz, jeżeli cię żona nie spędzi, i po dwa razy na dobę; a mnie — jaki dajesz wypoczynek? Raz na dziesięć lat i to jeszcze bydło mnie depcze. I ja mam być z twojego bronowania kontenta? Spróbuj nie dać siana, nie wyściel obory krowom, tylko je skrob szczotką, a zobaczysz, czy będziesz miał mleko? Padnie ci stworzenie, gmina przyszle weterynarza, żeby wybił resztę dobytku, i nawet Żyd skóry z tego nie kupi. Oj, la Boga, la Boga! — wzdychał chłop, uznając, że ziemia ma rację. Ale pomimo skruchy nikt go nie pożałował w strapieniu. Owszem, chwilami zrywał się wiatr zachodni i zaplątany między zeschłe badyle na miedzy świstał mu w ucho: Nie bój się, dam ja ci, dam! Sprowadzę taki deszcz, taki potop, że resztę czarnoziemu wypłucze ci na gościniec albo na dworską łąkę.",human,"Prus – Placówka (1886), ziemia i chłop"
"Tomasz Judym wracał przez Champs Elysees z Lasku Bulońskiego, dokąd jeździł ze swej dzielnicy koleją obwodową. Szedł wolno, noga za nogą, wyczuwając coraz większy wskutek upału ciężar własnej marynarki i kapelusza. Istny potop blasku słonecznego zalewał przestwór. Nad odległym widokiem gmachów rzucających się w oczy od Łuku Tryumfalnego wisiał różowy pyłek, który już począł wżerać się niby rdza nawet w śliczne, jasnozielone liście wiosenne, nawet w kwiatuszki paulowni. Z wszystkich, zdawało się, stron płynął zapach akacji. Na żwirze, dokoła pniów, pod budynkami, w rynsztokach leżały jej białe kwiatki z ośrodkiem czerwonawym, jakby skrwawionym od ukłucia śmierci. Pył bezlitosny zasypywał je niepostrzeżenie. Zbliżała się godzina spaceru wielkiego świata i pola drgać zaczynały od ruchu karet.",human,"Żeromski – Ludzie bezdomni t.1 (1900), Judym w Paryżu"
"Judym znalazł pod osłoną kasztanów brzeg wolnej ławy i z wielką satysfakcją usiadł tam w sąsiedztwie starej i wąsatej niańki dwojga dzieci. Zdjął kapelusz i wlepiwszy wzrok w rzekę pojazdów, walącą środkiem ulicy, z wolna wystygał. Na chodnikach przybywało coraz więcej osób ubranych wykwintnie — lśniących cylindrów, jasnych paltotów i staników. W pewnej chwili stare babsko z chytrymi oczami wprowadziło między strojny tłum młode koźlątko z sierścią jak śnieg bielutką. Stado dzieci postępowało za koziołkiem uwielbiając go gestami, oczyma i tysiącem okrzyków. Kiedy indziej wielki obdartus czerwony na gębie przeleciał jak fiksat, wywrzaskując głosem ochrypłym rezultat ostatniego biegu koni. I znowu spokojnie, równo, uroczo płynęła rzeka ludzka na chodnikach, a środkiem rwał jej nurt bystry, uwieńczony pianą tkanin przecudnych, lekkich, w oddali niebieskawozielonych.",human,"Żeromski – Ludzie bezdomni t.1 (1900), Judym przy ławce"
"Judym szedł prędko, mrucząc coś do siebie. Mury o kolorze zakurzonego grynszpanu albo jakiejś zrudziałej czerwoności, niby pstre, ubłocone gałgany, nasunęły mu się przed oczy. Chodniki były jak niegdyś zdruzgotane, bruk pełen wądołów. Nie było tu już ani jednego przechodnia w cylindrze, rzadko trafiała się dama w kapeluszu. Ogół idących podobny był do murów tej ulicy. Szli ludzie w ubraniach do pracy fizycznej, najczęściej bez kołnierzyków. Przejeżdżająca dorożka zwracała uwagę wszystkich. Z dala już dostrzegł Judym bramę rodzinnej kamienicy i zbliżył się do niej z niemiłym uczuciem tak zwanego fałszywego wstydu. Trzeba było witać osoby niskiej kondycji. Teraz, gdy wrócił z zagranicy, było mu to przykro, bardziej niż kiedykolwiek. Wszedł co tchu w bramę z nieuświadomionym planem: unikać obcych.",human,"Żeromski – Ludzie bezdomni t.1 (1900), Judym na Ciepłej"
"Gdy trafiło się wolne miejsce, wnet je ktoś zajmował i przymykał oczy nie po to, żeby spać, tylko żeby na świat nie patrzeć, żeby wciągnąć się w siebie jak ślimak w skorupę i doznać ciepłej ulgi. Zwiędłe kadłuby dziewczyn, na których twarzach malował się ból głowy, pozawijane w chustki i zapaski siedziały nieruchomo na ziemi, gotowe trwać całe doby w tej samej pozycji, byleby tylko nie łazić po błocie i deszczu. Kiedy doktor wchodził, wszystkie oczy patrzały na niego jakoby ten dzień jesienny. Czasami gdzieś, w głębi, przewinął się uśmiech. Ta sentymentalna gościnność dla podrostków nie chorych obłożnie, sprzeciwiająca się tak jaskrawo tradycjom szpitala, zaczęła ludzi irytować. Plenipotent wprost mówił, że zanosi się na demoralizację w grubym stylu, a nawet ze swej strony za nic nie ręczył i umywał ręce.",human,"Żeromski – Ludzie bezdomni t.2 (1900), szpital w Cisowie"
"Na kupno dwu wanien i urządzeń do ogrzewania wody grały teatr amatorski najpiękniejsze i najbardziej dystyngowane kuracjuszki. Każdy sprzęt do gabinetu, apteki, kuchni młody eskulap zdobywał na ludziach. Tu wycyganił sześć talerzy, tam wyflirtował noże, widelce, łyżki; tę zmusił do kupienia szklanek, z kim innym wygrał zakład o sztukę perkalu na bieliznę szpitalną. Stara pani dziedziczka interesowała się zabiegami młodego doktora, nawet miała dla niego łzy w oczach i podziękowania w imieniu nieboszczyka, ale sama była pod tak silnym wpływem plenipotenta, który nie cierpiał tych fanaberii rozgrymaszających parobków, że od siebie nic wielkiego uczynić nie mogła.",human,"Żeromski – Ludzie bezdomni t.2 (1900), eskulap i sprzęty"
"Nie chodzi tutaj — u kaduka! — o herb ani o szeregi przodków podgolonych, z sarmackimi wąsami i przy karabelach — ani wydekoltowane prababki w fiokach. Ojciec i matka — otóż i cały rodowód, jak to jest u nas, w dziejach nowoczesnych ludzi bez wczoraj. Z konieczności wzmianka o jednym dziadku, z musu notatka o jednym jedynym pradziadku. Otóż ojciec nosił nazwisko Baryka, imię Seweryn, które na rozłogach rosyjskich zbytnio nie raziło. Matka była niewidoczna, samoswoja, najzwyczajniejsza Jadwiga Dąbrowska, rodem z Siedlec. Całe prawie życie spędzając w Rosji, w najrozmaitszych jej guberniach i powiatach, nie nauczyła się dobrze mówić po rosyjsku, a duchem przemieszkiwała nie gdzieś tam na Uralu, czy w Baku, w Symbirsku — czy zgoła w Tule, lecz wciąż w Siedlcach. Tylko w Siedlcach działy się dla niej rzeczy ważne, interesujące, godne wzruszenia, pamięci i tęsknoty.",human,"Żeromski – Przedwiośnie (1924), Rodowód Baryki"
"Petroniusz obudził się zaledwie koło południa i jak zwykle, zmęczony bardzo. Poprzedniego dnia był na uczcie u Nerona, która przeciągnęła się do późna w noc. Od pewnego czasu zdrowie jego zaczęło się psuć. Sam mówił, że rankami budzi się jakby zdrętwiały i bez możności zebrania myśli. Ale poranna kąpiel i staranne wygniatanie ciała przez wprawionych do tego niewolników przyśpieszało stopniowo obieg jego leniwej krwi, rozbudzało go, cuciło, wracało mu siły, tak że z elaeothesium, to jest z ostatniego kąpielowego przedziału, wychodził jeszcze jakby wskrzeszony, z oczami błyszczącymi dowcipem i wesołością, odmłodzony, pełen życia, wykwintny, tak niedościgniony, że sam Otho nie mógł mu dorównać.",human,"Sienkiewicz – Quo Vadis (1896), przebudzenie Petroniusza"
"Rok 1647 był to dziwny rok, w którym rozmaite znaki na niebie i ziemi zwiastowały jakoweś klęski i nadzwyczajne zdarzenia. Współcześni kronikarze wspominają, iż z wiosny szarańcza w niesłychanej ilości wyroiła się z Dzikich Pól i zniszczyła zasiewy i trawy, co było przepowiednią napadów tatarskich. Latem zdarzyło się wielkie zaćmienie słońca, a wkrótce potem kometa pojawiła się na niebie. W Warszawie widywano też nad miastem mogiłę i krzyż ognisty w obłokach; odprawiano więc posty i dawano jałmużny, gdyż niektórzy twierdzili, że zaraza spadnie na kraj i wygubi rodzaj ludzki. Nareszcie zima nastała tak lekka, że najstarsi ludzie nie pamiętali podobnej. W południowych województwach lody nie popętały wcale wód, które podsycane topniejącym każdego ranka śniegiem wystąpiły z łożysk i pozalewały brzegi.",human,"Sienkiewicz – Ogniem i mieczem t.1 (1884), rok 1647"
"Był na Żmudzi ród możny Billewiczów, od Mendoga się wywodzący, wielce skoligacony i w całym Rosieńskiem nad wszystkie inne szanowany. Do urzędów wielkich nigdy Billewiczowie nie doszli, co najwięcej powiatowe piastując, ale na polu Marsa niepożyte krajowi oddali usługi, za które różnymi czasami hojnie bywali nagradzani. Gniazdo ich rodzinne istniejące do dziś zwało się także Billewicze, ale prócz nich posiadali wiele innych majętności i w okolicy Rosień, i dalej ku Krakinowu, wedle Laudy, Szoi, Niewiaży — aż hen, jeszcze za Poniewieżem. Potem rozpadli się na kilka domów, których członkowie potracili się z oczu. Zjeżdżali się wszyscy wówczas tylko, gdy w Rosieniach, na równinie zwanej Stany, odbywał się popis pospolitego ruszenia żmudzkiego.",human,"Sienkiewicz – Potop t.1 (1886), ród Billewiczów"
"Wierny Soroka wiózł swego pułkownika przez lasy głębokie, sam nie wiedząc, dokąd jechać, co począć, gdzie się obrócić. Kmicic nie tylko był ranny, ale i ogłuszony wystrzałem. Soroka od czasu do czasu maczał szmatę w kuble wiszącym przy koniu i obmywał mu twarz; chwilami zatrzymywał się dla poczerpnięcia świeżej wody przy strumieniach i jeziorkach leśnych, ale ani woda, ani postoje, ani ruch konia nie zdołały zrazu wrócić panu Andrzejowi przytomności — i leżał jak martwy, aż żołnierze jadący razem, a mniej doświadczeni w rzeczach ran od Soroki, poczęli się troskać, czy żyje. — Żyje — odpowiadał Soroka — za trzy dni tak będzie na koniu siedział jak każdy z nas. Jakoż w godzinę później Kmicic otworzył oczy i z ust jego wydobyło się jedno tylko słowo: — Pić!",human,"Sienkiewicz – Potop t.2 (1886), Soroka i Kmicic"
"W życiu literackim dzieje się wiele rzeczy tak nagłych a niespodziewanych jak śmierć, od której zastrzegamy się w suplikacjach lub asekurujemy w naszych towarzystwach ubezpieczeń. Co do mnie, jak prawdziwe dziecko wieku nie zwykłem się dziwić lada czemu. Lecz gdyby ktoś przyszedł do mnie w lutym i rzekł mi, że przy końcu marca przejadę Niemcy, Francję, całą długość Anglii; że przepłynę na wiosnę burzliwy Atlantyk, a następnie jak ptak na skrzydłach przelecę niezmierzone przestrzenie wielkiej kolei od New Yorku do San Francisco i strząsnę proch z obuwia mego na brzegach Oceanu Spokojnego, temu odrzekłbym bez wahania: Przyjacielu! pisuj artykuły polemiczne do Kroniki Soblonowskiej, albowiem widzę, że zmysły twoje nie są z tego świata.",human,"Sienkiewicz – Listy z Ameryki (1876), wstęp"
"Nadchodziła zima — jeszcze się barowała z jesienią i porykujący tłukła po sinych dalach jako ten zwierz srogi i głodny, że nie wiada było, kiej przeprze a skoczy i lutymi kłami weżre się we świat — jeszcze czasami prószył śnieg nikły, płowy — jesienny śnieg — jeszcze przychodziły dnie osłupiałe, chorością sine, ckne, stękliwe, oropiałe i zgoła lamentem przejęte, a lodowym światłem mżące — dnie trupie, że ptactwo z krzykiem uciekało do borów, trwożniej bełkotały wody i toczyły się leniwo, jakby strachem stężałe, ziemia dygotała, a wszelaki stwór podnosił czujące, lękliwe oczy na północ — w niezgłębioną topiel chmur — jeszcze noce były jesienne; oślepłe, głuche, zamętne, a pełne strzępów mgieł i brzasków gwiazd pomarłych — rozgniłe noce dygotliwego milczenia.",human,"Reymont – Chłopi, Zima (1904), nadchodziła zima"
"Chłopi siedzieli przed chatami na przyźbach i gwarzyło się po wszystkich wsiach jako na jarmarku: śmiechy, śpiewy i gwary szły po polach jak brzęczenie pszczół rojących się nad kwiecistą łąką. Dzieci biegały po drogach, skakały przez płoty i zbierały się gromadkami, żeby się kłócić o pierwszeństwo przy pasiece albo przy stawie. Baby stały w grupach i rozmawiały poważnie o zasiewach, o zbiorach, o pracy; stare babi siedziały na słońcu i łatały spódnice albo przędły kądziel. Jeden tylko Boryna stał pod gruszą na miedzy, patrzył przez długi czas na pola rozciągające się w dal i w głębię, a potem odszedł powolnym krokiem ku chałupom. Był to mężczyzna w sile wieku, krępy i mocny jak dąb, o twarzy rumianej, pełnej i brunatnej od słońca, z oczami jasnoniebieskimi, spokojnymi i trochę sennymi.",human,"Reymont – Chłopi, Jesień (1904), Boryna na miedzy"
"Było to w miesiącu Wrześniu, przy schyłku krótkiego jesiennego dnia. Przed jedną z największych stacyi kolei żelaznéj, wiodącéj z Wilna do Warszawy, stał długi szereg wagonów, a w jednym z nich, zasunięta w głąb powozu, z książką w ręku i gęstą zasłoną z czarnéj koronki na twarzy, siedziała kobieta. Zmrok zapadał coraz ciemniejszy. Pod dużym gmachem stacyi błyskały latarnie, chodzili i gwarzyli ludzie — w górze między chmurami wypływały gdzieniegdzie gwiazdy, a w dali ciemniał las, szerokim i nieruchomym pasem łącząc szare niebo z szarą ziemią. Zadzwoniono po raz piérwszy. Do wagonu lekko i zręcznie wskoczył młody mężczyzna. Postać jego zgrabna i smukła, mimo zmroku, wdzięcznie zarysowała się na otaczającém ją ciemném tle; błysnęły stalowe ozdoby przewieszonéj przez ramię jego podróżnéj torebki.",human,"Orzeszkowa – W klatce (1888), scena w wagonie"
"Wiatr prędki już nie płakał. Kryształowe ciało jego wstawać poczęło nad wzgórzem mogilnym i coraz wyższe, silniejsze, potężniejsze, rosło. Wstawał i na kształt powiewnej kolumny wzrastał do wierzchołków drzew, wysoko nad ich wierzchołki, jeszcze wyżej, cały w gniewnym szumie podnoszących się znad ziemi skrzydeł, w zawierusze włosów roztaczających się naokół olbrzymią siecią pajęczą, świecącą szklistym szronem. Aż, niebotyczny, wzdęty, niezliczonymi odbiciami gwiazd roziskrzony, roztoczył skrzydła latawca-olbrzyma, na las cały rzucając okrzyk: — Gloria victis! I zerwał się z mogiły, wzleciał nad las, szlakiem powietrznym dotarł ciemnego nieba i do gwiazd mrugających, do srebrzystych dróg mlecznych zawołał: — Gloria victis!",human,"Orzeszkowa – Gloria victis (1910), wiatr nad mogiłą"
"Jeżeli kochasz przyrodę i chcesz wypatrzyć jej tajemnicze piękności, i posłyszeć jej gwary a szumy, i uczuć jej pieszczotę pełną świeżości i siły — weź odzież wędrowca, kij w rękę i pójdź ze mną w góry. Prócz kija — weź także parasol. Jest on tu sprzętem niezbędnym. Można nie mieć całych butów, rozumu, paszportu, rodziny; można nie mieć przyjaciół, humoru, kredytu, dachu nad głową ni centa w kieszeni; można nie mieć — nawet — nadziei; ale parasol mieć trzeba. Ile głów w domu, ile łyżek u misy — tyle parasoli musi kupować nieszczęsny patriarcha rodu. Są parasole czerwone, niebieskie, zielone, czarne, szare, w kraty i gładkie; są parasole poważne, roztrzepane, melancholiczne, podupadłe, parasole wielkich nadziei, dyplomatyczne, gospodarskie, familijne, cyniczne, filuterne; są parasole wyzywające, filozoficzne — i zawsze są.",human,"Konopnicka – Wrażenia z podróży (1884), o parasolach"
"Byłem dotychczas wrogiem historyków literatury, którzy grzebali w duszy i życiu artysty, by w ten sposób dojść do zrozumienia jego tworu. Ale gdy sobie powoli uświadomiłem, do jakiego stopnia życie artysty, oczywiście nie to rzeczywiste, na jawie, ale to podziemne, nieskończenie zróżniczkowane — wpływa na jego twór, poczynam rozumieć tę rozpaczliwą, gorączkową ciekawość, z jaką ci panowie do duszy artysty dogrzebać się starają. Ale daremna ich praca: algebra, jaką dusza twórcza artysty się posługuje, jest doszczętnie inną jak ta, którą posługuje się zwykły człowiek, chociażby był nawet najwytworniejszym i najwięcej przenikliwym krytykiem. Dla zwykłego człowieka dwa razy dwa będzie zawsze cztery, dla artysty — czasem tysiąc, a może i więcej; bo to proste dwa mieszczą tyle tysięcy możliwości kojarzeń, tyle niezliczonych jednostek, nieistniejących dla zwykłego mózgu.",human,"Przybyszewski – Moi współcześni (1926), o artyście"
"Stara kamienica przy ulicy Wiślanej skrywała wiele tajemnic. Jej mury, pamiętające czasy przedwojennej Warszawy, zdawały się szeptać opowieści o minionych pokoleniach mieszkańców. Pani Zofia, która zamieszkała tu przed ponad pięćdziesięciu laty, doskonale znała każdy zakamarek budynku — od skrzypiących schodów na trzecim piętrze, po wilgotną piwnicę, gdzie podobno ukrywano ludzi podczas okupacji. Tego wieczoru, siedząc przy oknie z filiżanką herbaty, obserwowała nowego lokatora wprowadzającego się do mieszkania naprzeciwko. Młody mężczyzna, może trzydziestopięcioletni, z niedbałą brodą i oczami, które zdawały się nieustannie coś szukać. Coś w jego sposobie poruszania się — powolnym, jakby ostrożnym — przypominało jej kogoś, choć nie potrafiła powiedzieć kogo.",ai,
"Jesień przyszła nagle, jak zwykle zresztą, ignorując wszelkie kalendarze i prognozy meteorologiczne. Jeszcze tydzień temu Marek chodził w koszulce, teraz musiał przekopać szafę w poszukiwaniu swetra. Miasto zmieniało się subtelnie, ale wyraźnie — liście nabierały barw złota i rdzy, powietrze pachniało wilgocią i dymem z kominów, a ludzie chodzili szybciej, jakby każdy śpieszył się do jakiegoś ciepłego miejsca, do którego Marek jeszcze nie znalazł drogi. Pracował wtedy nad projektem, który miał zmienić jego życie zawodowe, a może i prywatne, choć trudno było przewidzieć, w jakim kierunku. Siedział długimi godzinami przy biurku, przeplatając pracę kawą i papierosami, które rzucił rok temu, ale znowu zaczął, bo niektóre nawyki wracają jak stare znajomości.",ai,
"Rzeka płynęła spokojnie między wierzbami, niosąc ze sobą liście i wspomnienia lata. Karolina siedziała na brzegu z butami w ręku, pozwalając wodzie obmywać stopy. To był jeden z tych sierpniowych wieczorów, które człowiek pamięta przez całe życie — ciepłe powietrze, złote światło zachodzącego słońca, śpiew ptaków gdzieś w trzcinach. Myślała o rozmowie z matką sprzed tygodnia, o słowach, które zostały powiedziane i tych, które zostały przemilczane. Rodziny mają swoje własne języki, pełne niedomówień i gestów znaczących więcej niż słowa. Jej rodzina posługiwała się takim językiem od pokoleń — wszyscy wiedzieli, co jest ważne, ale nikt o tym wprost nie mówił, bo po co mówić, skoro wszyscy i tak wiedzą.",ai,
"Doktor Henryk Wiśniewski był człowiekiem zasad. Przez trzydzieści lat pracy w szpitalu nie spóźnił się na dyżur ani razu, nie przyjął łapówki, nie powiedział pacjentowi kłamstwa, choć nieraz byłoby łatwiej. Jego gabinet był schludny, niemal ascetyczny — biurko, krzesło, szafa z dokumentacją, na ścianie dyplom i jedno zdjęcie: on i żona w górach, może dwadzieścia lat temu. Żona odeszła siedem lat temu, ale zdjęcia nie ściągnął. Pewnego poniedziałkowego ranka do gabinetu wszedł pacjent, którego Wiśniewski nie widział od dwudziestu lat. Stary znajomy, kiedyś bliski, potem zagubiony gdzieś w zawiłościach życia. Mężczyzna wyglądał źle — wychudły, ze zmęczonymi oczami, z tą szczególną bladością, którą lekarz rozpoznaje zanim jeszcze zajrzy do wyników badań.",ai,
"W małym miasteczku nad Narwią czas płynął inaczej niż w wielkich miastach. Sklepy zamykały się o siedemnastej, a po zmroku ulice pustoszały, zostawiając scenę dla kotów i wspomnień. Mieszkańcy znali się od pokoleń, ich losy przeplatały się jak nitki w tkaninie — ślub córki Kowalskich z synem Wiśniewskich, chrzciny, pogrzeby, nieurodzaj w czterdziestym siódmym, powódź w osiemdziesiątym piątym. Historia miasteczka była historią rodzin, a historia rodzin była historią miasteczka. Natalka przyjechała tu po raz pierwszy od piętnastu lat. Przyjechała po śmierci ojca, żeby sprzedać dom, który jej przypadł w spadku. Miała wrócić do Warszawy za tydzień, ale już pierwszego dnia wiedziała, że tydzień to za mało.",ai,
"Biblioteka miejska zamykała się o osiemnastej. Marcin wiedział o tym doskonale, bo przychodził tu prawie codziennie od trzech miesięcy — od kiedy stracił pracę i miał nagle mnóstwo czasu, który trzeba było czymś wypełnić. Czytał wszystko po kolei, bez większego planu: historię, powieści, biografie ludzi, o których nigdy wcześniej nie słyszał. Bibliotekarka, pani Basia, przynosiła mu czasem rzeczy, które jej zdaniem mógłby lubić. Miała dobry instynkt. Tego dnia przyniosła mu tomik wierszy poety, którego Marcin znał tylko z nazwy, i powiedziała po prostu: przeczytaj to. Rzadko kiedy ktoś mówi do nas tak po prostu, bez uzasadnienia, z czystą pewnością, że coś jest warte naszego czasu.",ai,
"Górskie schronisko otwierało się pierwszego maja i zamykało z końcem września. Przez te pięć miesięcy Zofia Kwiatkowska była jego jedyną gospodynią, jak jej matka przed nią i babka przed matką. Tradycja, którą nikt jej nie narzucił, ale którą przyjęła jako naturalny porządek rzeczy. Latem przychodziły całe rodziny z dziećmi, jesienią samotni wędrowcy z ciężkimi plecakami i myślami jeszcze cięższymi. Każdemu Zofia podawała herbatę, bigos i spokój — bo schronisko było miejscem, gdzie ludzie mogli na chwilę przestać udawać, że wszystko gra. Tego wieczoru do schroniska wszedł mężczyzna w mokrym płaszczu, sam, bez plecaka, co było dziwne. Zofia nie pytała. Nalała herbatę i postawiła na stole, a mężczyzna siedział długo w milczeniu, patrząc przez okno na góry otulone mgłą.",ai,
"Marta wróciła do rodzinnego domu po pięciu latach. Dom wyglądał mniejszy, niż go pamiętała — zjawisko, które tłumaczono jej kiedyś psychologią, ale które czuła teraz bardzo fizycznie, stojąc przed furtką. Ogród zarósł, farba na oknach złaziła, ale akacja przy wejściu rosła, jak zawsze, z uporem ignorując upływ czasu. Klucz pasował do zamka. W środku pachniało stęchlizną i tym specyficznym zapachem pustego domu, który Marta znała z innych miejsc — zapachem rzeczy czekających na kogoś, kto już nie wróci. Matka umarła trzy miesiące temu. Marta nie zdążyła na pogrzeb, bo była za granicą i lot był odwołany, i potem tłumaczyła to sobie na różne sposoby, ale żaden z nich nie był do końca prawdziwy.",ai,
"Na dworcu kolejowym w Krakowie, tuż przed świtem, kiedy hala była jeszcze niemal pusta i głos przez megafon brzmiał jak wyrocznie, Tomasz spotkał kobietę, którą kochał dwadzieścia lat temu. Stała przy automacie z kawą, w szarej kurtce, z walizką na kółkach, i wyglądała dokładnie tak samo — albo prawie tak samo, bo czas nie oszczędza nikogo, ale ją oszczędził bardziej niż innych. Przez chwilę stał nieruchomo, zastanawiając się, czy podejść. Potem pomyślał, że takich momentów nie powtarza się dwa razy, i podszedł. Powiedziała cześć. On powiedział cześć. I przez chwilę stali tak naprzeciwko siebie, otoczeni głuchą ciszą pustego dworca, jakby czas cofnął się o dwie dekady i teraz czekał, żeby zobaczyć, co zrobią inaczej.",ai,
"Zima przyszła wcześniej niż zwykle, przynosząc śnieg już w połowie listopada. Dla mieszkańców małej wsi Radowice oznaczało to koniec sezonowych prac i początek długich wieczorów przy piecu. Stary Walenty, który pamiętał zimy sprzed pół wieku, twierdził, że taka zima wróży urodzajne lato — ale mówił tak co roku, więc nikt specjalnie nie przykładał wagi do jego przepowiedni. Jego wnuczka Kasia, studentka drugiego roku, przyjechała z Wrocławia na ferie i po raz pierwszy od wielu lat spędzała tu dłużej niż weekend. Dziadek uczył ją palić w piecu, biorąc to z śmiertelną powagą, jak każdą czynność, która ma praktyczny sens. Kasia patrzyła na jego spracowane ręce i myślała o tym, jak wiele umie robić, a jak mało wie o tym, czego on nigdy jej nie powie.",ai,
"Apteka przy Rynku działała od osiemdziesięciu lat bez przerwy, przez dwie wojny i kilka systemów politycznych. Właściciel, pan Józef Mirecki, był jej czwartym gospodarzem z tej samej rodziny. Znał receptury leków, które już się nie produkuje, i twarze ludzi, którzy już nie żyją. Przychodzili do niego nie tylko po leki — przychodzili po rozmowę, po radę, po obecność kogoś, kto jest tu od zawsze i będzie tu zawsze. W październiku do apteki wszedł młody człowiek, którego pan Józef widział pierwszy raz. Podał receptę bez słowa, zapłacił, schował leki do kieszeni i wyszedł. Coś w tym geście — pośpiech, albo może jego brak — zatrzymało pana Józefa przy oknie. Patrzył za chłopakiem, dopóki nie skręcił za róg.",ai,
"Drzwi do pracowni były zawsze zamknięte. Nikt z domowników nie wchodził tam bez zaproszenia, a zaproszenia zdarzały się rzadko. Ojciec spędzał tam godziny, czasem całe noce, a kiedy wychodził, miał na twarzy wyraz człowieka, który wrócił z dalekiej podróży. Agata była już dorosła, kiedy zrozumiała, że ojciec malował nie obrazy, ale czas — że każde płótno było próbą zatrzymania czegoś, co nieuchronnie odpływa. Tego wieczoru po raz pierwszy od lat zapukała w te drzwi. Cisza. Zapukała jeszcze raz. Usłyszała kroki, potem szczęk zamka. Ojciec stanął w progu, starszy niż go pamiętała z ostatniego razu, i patrzył na nią przez chwilę z tym swoim nieobecnym spojrzeniem, po czym odsunął się, żeby zrobiła mu przejście.",ai,
"Most nad Wisłą był najstarszą budowlą w okolicy. Mówiono, że pamięta czasy rozbiorów, choć nikt nie potrafił tego potwierdzić dokumentami. Dzieci z okolicznych wsi przychodziły tu w lecie skakać do rzeki, a starcy siadali na balustradzie i patrzyli na wodę z wyrazem twarzy, który można było odczytać jako mądrość albo jako zmęczenie — zależnie od kąta widzenia. Henryk lubił ten most o świcie, kiedy jeszcze nikogo nie było i mgła leżała nad wodą, i można było odnieść wrażenie, że jest się jedyną osobą na świecie. Przychodził tu, kiedy coś go dręczyło, bo tu wszystko nabierało właściwych proporcji. Rzeka płynęła. Most stał. Dręczące sprawy okazywały się mniejsze, niż były.",ai,
"Pociąg do Gdańska odjeżdżał o szóstej czterdzieści pięć. Beata kupiła bilet z tygodniowym wyprzedzeniem, spakowała jedną torbę i poinformowała pracodawcę, że bierze tydzień urlopu. Nikt nie wiedział, dokąd jedzie — powiedziała, że na urlop, co było prawdą, tylko niepełną. Naprawdę jechała do miejsca, które widziała raz, jako dziecko, na wakacjach z rodzicami, i które od tamtej pory nosiła w pamięci jak fotografię wyblakłą, ale wciąż czytelną. Nie wiedziała, czego szuka. Może niczego konkretnego. Może po prostu chciała sprawdzić, czy miejsce wciąż istnieje, czy też znikło — jak tyle innych rzeczy — zostawiając po sobie tylko wspomnienie.",ai,
"Lekcja historii zaczęła się o ósmej rano. Nauczyciel, pan Lewandowski, miał sześćdziesiąt dwa lata i uczył w tej samej szkole od czterdziestu. Wiedział, których uczniów nie ma sensu pytać w poniedziałek rano, i wiedział, którym można zadać najtrudniejsze pytanie w piątek o piętnastej i dostać odpowiedź. Tego dnia siedział przy biurku dłużej niż zwykle, zanim zaczął mówić. Uczniowie patrzyli na niego z uwagą, bo ta pauza była niezwykła — pan Lewandowski nigdy nie milczał bez powodu. W końcu powiedział: dzisiaj będziemy mówić o rzeczach, które naprawdę się wydarzyły, i o tym, dlaczego większość ludzi woli w to nie wierzyć. Klasa ucichła zupełnie.",ai,
"Ogród przy starej willi był zaniedbany od lat. Rosły tam dzikie różane krzewy, bez i kilka jabłoni, które rodziły małe, cierpkie owoce, których nikt nie zbierał. Ogrodzenie chyliło się ku ziemi w kilku miejscach, furtka nie domykała się do końca. Basia weszła bez pukania, bo nie było do kogo pukać — właściciel, pan Tadeusz, umarł w maju, a spadkobiercy mieszkali za granicą i jeszcze nie zdecydowali, co z posiadłością zrobić. Ona pracowała tu przez dwadzieścia lat jako ogrodniczka. Teraz przychodziła z przyzwyczajenia, bez wynagrodzenia, bez żadnego zobowiązania — przychodziła, bo ogród, jeśli się go zostawi, traci siebie w ciągu jednego lata, i ona nie mogła na to pozwolić.",ai,
"Sylwia wróciła do pracy po urlopie macierzyńskim z uczuciem, które trudno opisać jednym słowem. Radość nie była właściwym określeniem, bo zostawiała córeczkę u babci i nie czuła z tego powodu ulgi. Smutek też nie pasował, bo praca dawała jej coś, czego bardzo jej brakowało przez ostatnie miesiące — poczucie ciągłości z własnym życiem sprzed dziecka. Może to było po prostu rozdarcie, które nikt jej nie obiecywał, że będzie łatwe, i które faktycznie łatwe nie było. Siedziała przy biurku, patrzyła na monitor i musiała sobie przypomnieć hasło, bo zmieniło się podczas jej nieobecności. Drobna rzecz. Ale symboliczna.",ai,
"Wieczorami, gdy miasto cichnęło i przez uchylone okno wpadało powietrze pachniące deszczem i asfaltem, Robert siadał przy pianinie i grał. Nie ćwiczył — ćwiczenia skończyły się dwadzieścia lat temu, kiedy porzucił szkołę muzyczną. Grał, co mu przychodziło do głowy: fragmenty Chopina przeplatane własnymi improwizacjami, melodie zasłyszane gdzieś w radiu, rzeczy bez nazwy, które istniały tylko w tej chwili i nigdy nie powróciły. Sąsiedzi nigdy nie narzekali, co go trochę dziwiło i trochę wzruszało. Może po prostu lubili słuchać. Może przez cienkie ściany starej kamienicy muzyka brzmiała jak coś naturalnego — jak deszcz albo wiatr, coś, co jest częścią budynku.",ai,
"Stary zegarmistrz miał swój sklep przy tej samej ulicy od czterdziestu lat. Jego szyld — czarna tablica ze złotymi literami — był jedyną rzeczą na tej ulicy, która się nie zmieniła. Wszystko inne: sklepy, restauracje, mieszkańcy — przyszło i odeszło, niektóre po roku, niektóre po dekadzie. Pan Mieczysław został. Naprawiał zegarki, które inni uznali za nienaprawialne, i mówił, że zegar jest jak człowiek — można go naprawić, o ile wie się, gdzie szukać. Tego dnia do sklepu wszedł chłopiec z pudełkiem w rękach. W pudełku był zegarek kieszonkowy, stary, z wygrawerowanym inicjałem. Chłopiec powiedział, że należał do dziadka. Pan Mieczysław otworzył pokrywkę i długo patrzył w środek, nie mówiąc nic.",ai,
"Targ odbywał się w Lipcowie w każdą sobotę od niepamiętnych czasów. Przyjeżdżali tu rolnicy z okolicznych wsi, rzemieślnicy z miasteczka, kupcy z dalszych okolic. Zapach smażonej kiełbasy mieszał się z zapachem świeżych warzyw i starego drewna straganów. Babcia Władysława przychodziła tu od sześćdziesiątego roku życia co tydzień, bo jak mówiła, targ to jedyne miejsce, gdzie można porozmawiać z żywymi ludźmi o żywych sprawach. W tym roku miała osiemdziesiąt trzy lata i nadal przychodziła, choć z laską i trochę wolniej. Kupowała zwykle niewiele — kilka jabłek, pęczek pietruszki, może słoik miodu. Ale rozmawiała z każdym, kogo znała, a znała prawie wszystkich.",ai,
"Wspomnienia wracają najczęściej w nieoczekiwanych momentach. Ewa stała w kolejce w supermarkecie z koszykiem pełnym zakupów, kiedy poczuła nagle zapach — coś między wanilią a praniem — i przez ułamek sekundy była znowu dzieckiem w kuchni babci, gdzie zawsze tak pachniało w niedzielne przedpołudnia. Kolejka ruszyła do przodu. Kobieta za nią mruknęła coś pod nosem. Ewa zapłaciła, wzięła siatkę i wyszła na parking. Usiadła w samochodzie i siedziała przez chwilę bez ruchu. Babcia umarła w tamtym roku. Ewa była na pogrzebie, powiedziała kilka słów, wróciła do domu i myślała, że poradziła sobie z tym całkiem dobrze. Może jednak nie tak dobrze, jak myślała.",ai,
"Najstarsza córka wróciła po raz ostatni do domu w grudniu. Wiedziała, że to ostatni raz — mówiła o tym wprost, bez dramatyzmu, tak jak mówi się o rzeczach, które są po prostu prawdą. Rodzice siedzieli przy stole i słuchali. Matka trzymała kubek z herbatą obiema rękami, jakby potrzebowała czegoś, czego mogłaby się trzymać. Ojciec patrzył przez okno na zasypany śniegiem ogród. Córka mówiła o nowym życiu, o nowym miejscu, o decyzjach, które podjęła i których nie żałowała. Nikt nie płakał. Nikt nie krzyczał. Pożegnali się przy drzwiach spokojnie, jak ludzie, którzy rozumieją, że kochać kogoś i puścić go wolno to czasem to samo.",ai,
"W czasie gdy w Rzeczypospolitej wszystko, co żyło, siadało na koń, Karol Gustaw bawił ciągle w Prusach, zajęty dobywaniem tamtejszych miast i układami z elektorem. Po łatwym i nadspodziewanym podboju bystry wojownik wprędce się opatrzył, iż szwedzki lew pożarł więcej, niż trzewia jego znieść zdołają. Po powrocie Jana Kazimierza stracił nadzieję utrzymania Rzeczypospolitej, lecz wyrzekając się w duszy całości, chciał przynajmniej jak największą część zdobyczy zatrzymać, a przede wszystkim Prusy Królewskie, prowincję do jego Pomorza przyległą, żyzną, wielkimi miastami usianą, bogatą. Lecz ta prowincja, jak pierwsza zaczęła się bronić, tak dotychczas stała wytrwale przy dawnym panu i Rzeczypospolitej. Powrót Jana Kazimierza i rozpoczęta przez konfederację tyszowiecką walka mogły pruskiego ducha ożywić i w wierności utwierdzić.",human,"Sienkiewicz – Potop t.3 (1886), Karol Gustaw w Prusach"
"Listopadowe popołudnie zaciemniło miasto szybciej niż zwykle. O piętnastej było już prawie ciemno, a uliczne latarnie świeciły blado przez mokrą mgłę. Konrad wracał z pracy piechotą, bo lubił ten rodzaj zmęczenia — nogi a nie głowa — i bo chciał odwlec powrót do mieszkania, w którym od trzech tygodni mieszkał sam. Mijał wystawy sklepowe, kawiarnie, ludzi spieszących się w różnych kierunkach z różnych powodów. Przy kiosku z kwiatami stanął i kupił jeden storczyk, bo wyglądał porzucenie wśród jesiennych chryzantem. Potem szedł dalej, trzymając go w ręku, i zastanawiał się, co właściwie człowiek robi z kwiatem, kiedy w domu nie ma nikogo, kto by go docenił.",ai,
"Szkoła, do której Piotruś chodził od pierwszej klasy, stała na końcu ulicy Lipowej, za boiskiem i ogrodem z trzema jabłoniami. Był to budynek z czerwonej cegły, zbudowany przed wojną, z wysokimi oknami i drewnianymi podłogami, które skrzypiały w charakterystyczny sposób — każdy uczeń znał po dźwięku, kiedy to idzie pani dyrektor, a kiedy woźny. Piotruś chodził do tej szkoły od sześciu lat i za trzy miesiące miał ją skończyć. Myśl o tym napełniała go uczuciem, które nie było ani smutkiem, ani radością — raczej czymś podobnym do zawrotu głowy, kiedy stoi się na skraju czegoś wysokiego i patrzy w dół, i wie się, że trzeba będzie skoczyć, tylko jeszcze nie teraz.",ai,
"Księżyc świecił jasno tej nocy, rzucając srebrne refleksy na spokojną taflę jeziora. Ania siedziała na pomoście z nogami zwisającymi nad wodą i myślała o decyzji, którą musiała podjąć do rana. Oferta pracy w Berlinie była zbyt dobra, żeby ją odrzucić, a jednak coś ją powstrzymywało. Może to było to jezioro, te lasy, ta cisza, której brakowało jej we Wrocławiu, gdzie mieszkała od pięciu lat. Może to była mama, która nie powie wprost: zostań, ale której milczenie mówi wszystko. Ania wzięła kamień z deski pomostu i cisnęła w wodę. Kręgi rozchodziły się powoli aż do brzegu. Postanowiła zadzwonić rano z odpowiedzią.",ai,
"Rok 1812 nastąpił. Napoleon wyruszył z wojskiem ku Rosji. Wojsko polskie towarzyszyło mu z zapałem i nadzieją. Sławutnik Ścibor, chorąży pancerny województwa trockiego, zebrał sto koni własnym kosztem i poprowadził je pod rozkazy księcia Józefa. Żona jego, Zofia z Lubońskich, pozostała na Litwie z trójką dzieci. Starszy syn Tadeusz miał lat piętnaście, córka Zosia lat trzynaście, a najmłodszy Kazimierz, zwany Kaziukiem, dopiero siedem. Majątek Soplicowo, odziedziczony po rodzicach, był niemały: folwark, trzy wsie, lasy. Zarządzał nim stary ekonom Rymsza, człek uczciwy i oddany, który pamiętał jeszcze czasy Kościuszki.",human,Fikcja stylizowana XIX w. (przypadek graniczny)
"Aleksandra poczuła, że coś się zmieniło, zanim jeszcze zdążyła to nazwać. Może to było światło — inne niż zwykle o tej porze, bardziej miękkie, jakby przefiltrowane przez cienką warstwę chmur. Albo może to był zapach: wilgoć zmieszana z wonią rozgrzanego asfaltu, ta charakterystyczna mieszanina, którą pamięta się przez całe życie. Siedziała przy oknie z kawą stygnącą w dłoniach i patrzyła na ulicę. Nic szczególnego się nie działo. Tramwaj przejechał. Jakiś mężczyzna zatrzymał się przy witrynie sklepu i zaraz poszedł dalej. Pies obwąchał latarnię. Zupełnie zwykłe południe, a jednak coś było nie tak.",ai,Claude — proza psychologiczna (Aleksandra)
"Kraj lat dziecinnych! On zawsze zostanie Święty i czysty jak pierwsze kochanie. Nie zaburzony błędów przypomnieniem, Nie podkopany nadziei złudzeniem Ani zmieniony wypadków strumieniem. Tę ziemię, co ją tylu wróg przeorał, Tylu na własnej ziemi klęczą w okowach, Ja lubię i kocham, i będę miłować Dopóki oczy mi w głowie stać będą. Litwo! Ojczyzno moja! Ty jesteś jak zdrowie: Ile cię trzeba cenić, ten tylko się dowie, Kto cię stracił. Dziś piękność twą w całej ozdobie Widzę i opisuję, bo tęsknię po tobie.",human,"Mickiewicz — Pan Tadeusz, Inwokacja"
"Dom przy Królewskiej stał od trzydziestu lat i wyglądał na to, że stać będzie kolejne trzydzieści. Kamienica z czerwonej cegły, z bramą łukową i podwórkiem, na którym rosła lipa — jedyna w tej części miasta. Lokatorzy zmieniali się przez dekady: rodziny robotnicze zamieniały się na studenckie lokum, potem na biura, teraz z powrotem były mieszkania. Pani Helena mieszkała tu od zawsze, lub przynajmniej od tak dawna, że nikomu nie przychodziło do głowy pytać kiedy się wprowadził. Miała siedemdziesiąt dwa lata, kotkę Różę i zwyczaj palenia papierosów przy otwartym oknie, zawsze o dziesiątej wieczór, patrząc na lipę, która dawno ją przerosła.",ai,Claude — opis kamienicy (Helena)
"Stach wyszedł ze stajni i rozejrzał po obejściu. Słońce już chyliło się ku zachodowi, barwiąc niebo na purpurę i złoto. Kury z głośnym gdakaniem szukały noclegu przy płocie. Gdzieś daleko szczekał pies, a echo niosło ten odgłos przez całą dolinę. Chłop otarł czoło chustą, splunął na ziemię i ruszył ku domowi. Nogi miał ciężkie od całodziennej roboty, plecy bolały — ale zboże stało na polu, i to był fakt, który wszystko tłumaczył i wszystko usprawiedliwiał. Robota to robota, a chleb sam z nieba nie spada. Matka stała już w progu i machała ręką, żeby się śpieszył.",ai,Claude — scena wiejska styl Reymont (Stach)
"Ziemia obiecana była wszędzie i nigdzie. Bauer patrzył na kominy fabryczne sterczące nad miastem jak szable wbite w niebo i czuł w sobie tę samą mieszaninę pogardy i pożądania, która go prowadziła tu z Niemiec. Łódź była szpetna, hałaśliwa, zaśmiecona bawełnianym puchem, który leżał na ulicach jak brudny śnieg przez cały rok. Robotnicy chodzili jak cienie, blade twarze, ręce spracowane do kości. A jednak tu właśnie robiły się pieniądze — szybko, nieomal naocznie, jak ciasto drożdżowe w ciepłym piecu. Karol Borowiecki wiedział o tym lepiej niż ktokolwiek inny. Wiedział i czuł, że go to niszczy, i nic z tym nie robił.",human,"Reymont — Ziemia obiecana, Bauer i Łódź"
"Ksiądz Robak siedział w cieniu lip klasztornych i czytał brewiarz. Liście drżały lekko — nie od wiatru, bo wiatr tego dnia nie wiał, lecz od jakiegoś własnego, wewnętrznego drżenia, które ogarniało wszystko żywe w letnie południe. Był to człowiek już niemłody, z twarzą pooraną bliznami, których nie zasłaniał habit. Oczy miał jasne, skupione, takie, co to widziały niejedną rzecz i wybrały milczenie. Kiedy ktoś go pytał o przeszłość, odpowiadał krótko: służyłem. Komu — nie dopowiadał. Klasztor przyjął go bez pytań, a on odpłacał tą samą monetą: pracą i ciszą.",human,"Mickiewicz — Pan Tadeusz, Ksiądz Robak"
"Michał wrócił do domu o ósmej. Zdjął buty przy wejściu, powiesił kurtkę na haczyk, wstawił wodę na herbatę. Wszystko po kolei, jak zawsze, mechanicznie i bez namysłu. W salonie leżała gazeta z wczoraj — nie czytał jej, nie zamierzał. Usiadł przy stole i wyjął telefon. Trzynaście wiadomości, dwie nieodebrane połączenia. Odłożył telefon ekranem w dół. Herbata zrobiła się za gorąca. Poczekał. Za oknem zachodziło słońce i robiło to spokojnie, bez pośpiechu, jakby wiedziało że ma na to czas. Michał pomyślał, że nie pamięta, kiedy ostatnio patrzył jak zachodzi słońce. Może nigdy. Może po prostu nigdy.",ai,Claude — proza minimalistyczna (Michał)
"Przez całą noc pani Dulska nie spała. Leżała w łóżku z otwartymi oczyma i liczyła sufit, który znała na pamięć od trzydziestu lat. Siedemdziesiąt dwie belki, plama od przecieku koło okna, pęknięcie wzdłuż rogu — wszystko na swoim miejscu. Rano wstała wcześniej niż zwykle, zeszła do kuchni, zajrzała do spiżarni, sprawdziła zamek przy drzwiach wejściowych. Świat był na miejscu. Dom stał. Kamienica przynosiła dochód. Dzieci spały. Mąż chrząkał przez sen. Wszystko było w należytym porządku, tak jak być powinno, i nikomu nic do tego, co sobie pani Dulska myśli po nocach, kiedy nikt jej nie widzi.",human,Zapolska — Moralność pani Dulskiej
"Nad Niemnem płynął spokojnie, niosąc na swojej szerokiej tafli odbicia nieba i brzegów. Po lewej stronie ciągnęły się łąki, po prawej — las gęsty i ciemny, w którym gniazdo sobie uwiły wszelkie stworzenia leśne. Justyna Orzelska siedziała na kamieniu przy samej wodzie i patrzyła, jak nurt unosi żółtą łódź liści. Myślała o wielu rzeczach naraz — o ojcu, o przyszłości, o tym, że już jesień i za miesiąc trzeba będzie wracać do miasta. Rzeka płynęła i zdawało się, że czas płynie razem z nią, że nic tu nie jest pilne, że wszystko, co ważne, można odłożyć na później. Ale to było złudzenie. Justyna wiedziała o tym.",human,"Orzeszkowa — Nad Niemnem, Justyna"
"Poeta przyszedł do Poety w południe. Tak zaczyna się wiele historii, które potem okazują się ważne, i ta nie była wyjątkiem. Weszli razem do kawiarni przy Floriańskiej, zamówili czarną kawę, usiedli przy oknie. Przez chwilę siedzieli w milczeniu, bo milczenie między nimi zawsze było treściwsze niż cudza rozmowa. W końcu starszy powiedział: napisz o tym, co boli. Młodszy zapytał: a co jeśli nie wiem, co boli? Starszy odparł: właśnie dlatego pisz. Kawiarnia była pełna ludzi, którzy nie słyszeli tej rozmowy. To dobrze. Niektóre rzeczy należą tylko do tych, którzy je mówią.",ai,Claude — dialog w kawiarni (poeci)
"Łódź kipiała życiem fabrycznym. Z kominów buchał dym, a tkackie maszyny dudniły bez przerwy, dzień i noc, świątki i piątki. Robotnicy szli rano do pracy szarymi rzędami, twarze blade, oczy opuszczone, nogi powłóczyły po bruku. Właściciel fabryki, gruby Müller, chodził między krosnami i sprawdzał metry tkaniny palcem wskazującym. Każdy metr to pieniądz. Każda przerwa to strata. Tylko że tego, co traciły twarze wchodzące rano do hali i wychodzące wieczorem, żaden rachunek nie obliczał. Nikt o to nie pytał. Łódź rosła w bogactwo i rosła w nędzę jednocześnie, i nikomu to nie wydawało się sprzecznością.",human,"Reymont — Ziemia obiecana, fabryka Müllera"
"Anna zamknęła książkę i spojrzała za okno. Śnieg padał od rana, cicho i konsekwentnie, zasypując miasto równą białą warstwą. Przy biurku siedziała od szóstej i napisała może trzy zdania — dobre, właściwe trzy zdania, ale tylko trzy. Pisanie było ostatnio jak ciągnięcie wozu pod górę: każde słowo z trudem, każda scena z oporami. Wstała, zrobiła kawę, stanęła przy oknie. Śnieg padał dalej. Może to jest właśnie odpowiedź, pomyślała — może trzeba po prostu padać konsekwentnie, bez spektakularnych efektów, bez oglądania się czy ktoś patrzy. Usiadła z powrotem przy biurku i napisała czwarte zdanie.",ai,Claude — pisarka przy biurku (Anna)
"Jacek Soplica — kto o nim nie słyszał w powiecie? Zwano go niegdyś Niedźwiedziem i Wojevodą, i jeszcze różnymi przezwiskami, bo miał do nich szczęście szczególne. Był szlachcicem z dobrego domu, ale zabijaką i pijakiem od młodości, tego wszyscy byli pewni — pewniejsi może, niż należało. Ojciec go nie kochał, bo ojciec kochał tylko starszego, co to umarł w kwiecie wieku. Matka umarła przy porodzie Jacka, i może to dlatego chłopiec wyrósł sam jak chwast, nie uczony, nie prowadzony. Jeśli zaś miał w sobie coś, co nim kierowało, to była to tylko ta uparta siła, którą się zwie w różnych językach różnie, a po polsku zwie się po prostu: żal.",human,"Mickiewicz — Pan Tadeusz, Jacek Soplica"
"Stasio Tarkowski miał czternaście lat i od dawna wiedział, że zostanie podróżnikiem. Nie takim, co to jedzie pociągiem z Warszawy do Krakowa i z powrotem, ale prawdziwym — przez Afrykę, przez dżungle, przez pustynie. Ojciec jego, inżynier Tarkowski, pracował przy budowie kanału w Egipcie i zabrał syna ze sobą, bo szkoła była zamknięta na wakacje, a zostawić chłopaka samego w domu nie wypadało. Nel Rawlison mieszkała w domu naprzeciwko i miała osiem lat i koronkową suknię, i taki spokojny, poważny wzrok, że wszyscy mówili: ta dziewczynka będzie kimś. Oboje nie wiedzieli jeszcze, co ich czeka — a może właśnie dlatego wchodzili w to z otwartymi oczami.",human,"Sienkiewicz — W pustyni i w puszczy, Stasio i Nel"
"Górale znali te szlaki od pokoleń. Ojciec uczył syna, dziad uczył ojca — skałka po skałce, przejście po przejściu. Sabała chodził z turystami od trzydziestu lat i nigdy żadnego nie zgubił, co sam podkreślał przy każdej okazji, szczególnie przy kieliszku. Był człowiekiem małym, zwartym jak pień kosówki, z wąsami które przykrywały pół twarzy. Mówił mało, ale kiedy już mówił, to zawsze coś konkretnego: tu nie leziec, tam leziec, uważać na ten kamień co wygląda mocno a jest jak papier. Miasto go nie interesowało. Tatry były jego i on był Tatrów, i to wystarczało za wszystko.",human,"Tetmajer/Witkiewicz — motyw góralski, Sabała"
"Piotr wrócił do wioski po piętnastu latach. Droga była ta sama, tylko drzewa po obu stronach wyrosły i teraz tworzyły tunel z gałęzi, przez który słońce przebijało się w plamach. Dom stał. Płot był naprawiony — nowe deski, inny kolor. Ktoś dosadził jabłoń przy furtce, której wcześniej nie było. Matki już nie było. Piotr wiedział o tym, po to tu przyjechał. Wszedł przez furtkę, usiadł na ławce przed domem i przez chwilę siedział niemal bez ruchu. Sąsiadka, pani Rozalia, wyjrzała przez okno i zaraz zasłoniła firankę. Dała mu spokój. Wiedziała, że są rzeczy, przy których człowiek potrzebuje chwili sam.",ai,Claude — powrót do wsi po latach (Piotr)
"Rzeczka pod lasem nosiła w sobie pamięć całej wsi. Każde pokolenie przychodziło tu po wodę, każde pokolenie zostawiało tu coś swojego. Kobiety prały tu bieliznę i rozmawiały przez lata o tych samych rzeczach: urodziny, śmierci, żniwa, zima. Dzieci wchodziły po kolana i łapały raki, które uciekały im spomiędzy palców. Stary Józef chodził tu co wieczór z wędką i nie łowił nic, bo nigdy nic nie było — ale siedział, i to wystarczało. Woda płynęła. Las szumiał. Gdzie indziej działy się wielkie rzeczy, ale tutaj, przy tej rzeczce, nic się nie musiało dziać. Po prostu było.",ai,"Claude — opis rzeczki, proza poetycka"
"Księżna Izabela przyjmowała gości we wtorki. Salon był odpowiednio urządzony do tego celu: fotele miękkie, ale niezbyt, lampy rzucające światło pochlebne dla karnacji, stolik z herbatą i ciastkami angielskimi. Gości było zazwyczaj ośmioro, dziesięcioro — dobrani starannie pod względem poglądów, bo księżna nie lubiła przy herbacie kłótni, lubiła natomiast dyskusję grzeczną i bezpieczną, kończącą się niczym konkretnym. Tego wieczoru jednak przyszedł ktoś, kto zepsuł ten porządek: młody człowiek w zbyt nowym fraku, z oczami, które patrzyły za uważnie na wszystko — i na księżnę, i na gości, i na ciastka angielskie.",human,"Proza XIX w. — salon towarzyski, Księżna Izabela"
"Marta długo nie mogła zasnąć. Leżała na plecach w ciemnościach i słuchała odgłosów kamienicy: skrzypnięcie deski na klatce schodowej, czyjaś rozmowa za ścianą stłumiona do szeptu, kapanie kranu w łazience. Miasto za oknem trwało w swoim nocnym życiu — daleko karetka, bliżej śmieciarka — nieprzerwany hałas, do którego przywykła przez lata tak bardzo, że cisza by ją obudziła. Myślała o jutrzejszym spotkaniu. Wiedziała, co powie i co usłyszy, bo oboje wiedzieli to od dawna. Były rzeczy, które się mówiło po kilku latach, kiedy człowiek przestawał udawać, że jakoś samo się ułoży.",ai,"Claude — bezsenność, proza psychologiczna (Marta)"
"Na polach pod Grunwaldem leżała cicha ziemia. Krzyżacy ciągnęli z zachodu w szykach żelaznych, z krzyżem na płaszczach białych. Jagiełło stał na wzgórzu i patrzył przez ciepły lipcowy poranek na ich kolumny. Przy nim stał Zyndram z Maszkowic, który milczał, a milczenie jego było takie, że każdy wódz wolałby sto głośnych doradców niż jednego tak milczącego. W końcu król powiedział: czas. I to jedno słowo ruszyło wszystko — chorągwie, konie, tamburyno — cały ten ogrom, który potem przez wieki będą liczyć historycy. Ale w tej chwili było tylko to jedno słowo: czas.",human,"Sienkiewicz — Krzyżacy, Grunwald"
"Kamienica przy Złotej miała cztery piętra i dwadzieścia trzy mieszkania, i tyle samo historii. Na parterze mieszkał szewc Wiśniewski ze starą żoną; wyżej — rodzina z trójką dzieci hałaśliwych i jednym niemowlęciem spokojnym; dalej — student prawa, który uczył się nocami i spał przez dzień; pod samym dachem — stary malarz, który od lat nic nie malował, tylko zbierał gazety. Wszyscy się znali, bo kamienica zmuszała do znajomości: te same schody, ta sama studnia, ten sam podwórzec. Życie toczyło się osobno, ale niedaleko od siebie — jak rzeki, które nigdy się nie łączą, a jednak płyną tą samą doliną.",ai,Claude — kamienica wielorodzinna przy Złotej
"Tatry o świcie miały w sobie coś z objawienia. Witkiewicz chodził tam od lat, ale za każdym razem ten widok zatrzymywał go w pół kroku: szczyty wynurzające się z mgły, pierwsze słońce malujące skały na pomarańcz, cisza tak gęsta, że słyszało się własne serce. Miejscowi tego nie rozumieli — dla nich góry były pracą, pastwiskiem, drogą na targ. Ale on przychodził tu szukać czegoś, czego nie umiałby nazwać: może po prostu obecności czegoś większego. Może po prostu tego, że jest się małym i to jest właściwe. Ruszył dalej w górę, a mgła za nim zamykała się powoli jak kurtyna.",human,"Witkiewicz — Na przełęczy, Tatry o świcie"
"Profesor Radwan miał sześćdziesiąt lat i od czterdziestu uczył historii w tej samej szkole, przy tej samej tablicy. Ławki się zmieniały, dzieci się zmieniały, programy się zmieniały — on nie. Mówił zawsze tym samym głosem, równym, trochę za cichym jak na klasę trzydziestu uczniów. Ale słuchali. Nie wszyscy, nie zawsze, ale kiedy zaczynał mówić o rzeczach, które sam uważał za ważne, to i ten ostatni rząd podnosił głowę. Bo był w nim jakiś spokój — nie spokój człowieka, któremu jest wszystko jedno, ale spokój człowieka, który wie, że to co mówi, jest prawdą. I to czuć było przez całą klasę.",ai,Claude — portret nauczyciela historii (Radwan)
"Antek wyrósł na polu. Ojciec zabrał go do roboty jak miał sześć lat — jeszcze pod pachy nosił go między bruzdy, a on patrzył na ziemię z góry i myślał, że to jest cały świat. Potem okazało się, że nie cały — że za lasem jest miasto, za miastem inne miasto, za górami inne kraje. Ale ziemia została ziemią. Tę prawdę wbił mu ojciec nie słowami, ale pracą: że wszystko wraca do ziemi i wszystko z ziemi pochodzi. Kiedy ojciec umarł, Antek przykrył go ziemią i zaorał pole na wiosnę, i posiał żyto. To był jedyny pogrzeb, jaki znał. I jedyny, jaki miał sens.",human,"Reymont — Chłopi, praca na roli (Antek)"
"Siostra Klara prowadziła szkółkę od lat trzydziestu. Dzieci przychodziły różne — mądre i tępe, chętne i leniwe, z bogatych domów i z ubogich. Ona traktowała wszystkie jednakowo, co bogatsi uważali za niesprawiedliwość, a ubodzy — za cud. Uczyła czytać, pisać, rachować. Przy okazji uczyła czegoś, czego nie było w żadnym podręczniku: że wiedza jest po to, żeby z niej korzystać, a nie po to, żeby się nią chwalić. To ostatnie przychodziło dzieciom najtrudniej. Zresztą nie tylko dzieciom. Siostra Klara wiedziała o tym doskonale, bo sama przeszła przez to samo, zanim wstąpiła do zakonu.",ai,Claude — portret zakonnicy-nauczycielki (Klara)
"W izbie było zimno i pachniało smołą i suszonymi grzybami. Babka Agnieszka siedziała przy piecu i przędła, palce chodziły jej szybko i pewnie mimo że miała osiemdziesiąt lat i wzrok nie ten co dawniej. Wnuk, mały Jasiek, siedział obok i patrzył na wrzeciono. Spytał: babciu, po co przędzesz, jak można kupić nitkę w sklepie? Babka odparła nie odrywając wzroku od wełny: bo to moja nić, Jasiek, nie ich. To jest różnica. Chłopiec nie rozumiał, ale zapamiętał. Takie słowa zapamiętuje się nawet wtedy, gdy się ich nie rozumie — może właśnie dlatego.",human,Proza ludowa — babka Agnieszka i wnuk Jasiek
"Wielka mi to ulga w płaczu i w żalu, Że po wszytkich stronach w smętnym tym niedobrze Wspomnieniu wołam cię, Hanusiu droga, Wszędzie cię szukam i wszędzie mi błoga Twoja pamięć stoi przed oczyma mojemi. Nie masz cię, nie masz! darmo łzy ronię — Znikłaś jak mgła poranna, jak dźwięk dzwonu, Jak sen który pierzchnie przy pierwszym brzasku. I mnie i domu i tej całej trosce, Coś się tyczyła ciebie, Urszuleczko, Już cię nie stanie ku pociesze żadnej. Ach, co tu więcej mówić, gdy nie masz obrony Przeciw śmierci, która wszystko kosi równo.",human,Kochanowski — Treny VIII (fragment adaptowany)
"Zofię poznał w maju. To było w parku, przy fontannie, która nie działała od lat i służyła teraz jako siedzisko dla gołębi i miejsce spotkań psów. Ona czytała książkę, on jadł kanapkę, oboje udawali, że są sami, bo w parku tak się robi: siedzi się obok i nie patrzy. W końcu powiedział: przepraszam, wie pani co to za drzewo? Wskazał na kasztanowiec. Wiedziała oczywiście — wiedziała od podstawówki — ale powiedziała: nie wiem. I to było początkiem, choć żadne z nich tego nie widziało jako początku. Zaczyna się od takich małych kłamstw, które chcą być miłe dla kogoś obcego.",ai,"Claude — spotkanie w parku, romans (Zofia)"
"Rzeka Niemno wiła się przez kraj jak żyła przez ciało. Tadeusz Korczyński znał każdy zakręt, każdy bród, każde miejsce, gdzie woda zwalniała w spokojną sadzawkę. Od dziecka pływał tu z bratem, który umarł w powstaniu. Teraz chodził tu sam i myślał, że ziemia pamięta tych, których nosi. Kamienie pod wodą były te same. Drzewa były te same. Tylko ludzie się zmieniali, odchodzili, wracali odmienieni albo nie wracali wcale. Tadeusz stał przy brzegu i patrzył na wodę, i wiedział, że za rok, za dziesięć lat ta rzeka będzie płynąć dalej — bez niego, bez braci, bez tego wszystkiego co minęło — i że to jest właściwe, i że nie ma się co smucić.",human,"Orzeszkowa — Nad Niemnem, Tadeusz i rzeka"
